"BehaviorSpace results (NetLogo 7.0.4)","Table version 2.0"
"model.nlogox"
"government-comparison"
"07/25/2026 14:37:30:554 +0530"
"min-pxcor","max-pxcor","min-pycor","max-pycor"
"-16","16","-16","16"
"[run number]","government-intervention?","[step]","bullwhip-ratio-farmer","bullwhip-ratio-retailer","[food-security-index] of one-of governments","[production-capacity] of one-of farmers"
"3","true","156","18.15978313924006","6.343655249262291","0.2542661470718333","49.650000000000006"
"2","true","156","23.33739346485089","9.609897764129355","0.24832709491552715","49.650000000000006"
"4","true","156","20.104371402055357","7.546589137723813","0.33139192662807715","49.650000000000006"
"5","true","156","17.098327784558126","6.827898039717199","0.28233144360594226","49.650000000000006"
"7","true","156","16.301830314657046","6.12865202224684","0.3443248036980858","49.650000000000006"
"6","true","156","19.106281526909566","7.629513455796929","0.3830308028918624","49.650000000000006"
"8","true","156","26.64263414690368","7.337652065725167","0.2581759030253647","49.650000000000006"
"10","true","156","17.34800851575538","6.070482107185845","0.3068140234758768","49.650000000000006"
"9","true","156","27.58435830528819","9.207673071276574","0.25075997265571537","49.650000000000006"
"12","true","156","24.226858301014396","9.95373245860511","0.37459556346418077","49.650000000000006"
"11","true","156","27.424842340776696","7.254719460814865","0.2630281154068056","49.650000000000006"
"14","true","156","20.629151630341287","7.436027923850685","0.273365488076331","49.650000000000006"
"13","true","156","19.42576034693061","7.776673507704855","0.24952845556823486","49.650000000000006"
"15","true","156","25.2771866426918","7.128919249174352","0.35462184099528804","49.650000000000006"
"16","true","156","17.861664518292923","6.069627167419638","0.2546160964803038","49.650000000000006"
"17","true","156","18.640621315152163","6.710933002840501","0.33140336449299246","49.650000000000006"
"19","true","156","22.04912330772181","6.616890246107697","0.2591296090434709","49.650000000000006"
"18","true","156","22.393933775947925","7.380258516024725","0.252068326348326","49.650000000000006"
"20","true","156","26.44839066473048","7.6554619413557585","0.3127517591984318","49.650000000000006"
"21","true","156","21.73067070150377","9.547086572908809","0.2769900002240485","49.650000000000006"
"22","true","156","27.425727551378575","7.792014959254592","0.38412609062668845","49.650000000000006"
"23","true","156","21.428174814428875","6.413568288483924","0.2707609907554577","49.650000000000006"
"24","true","156","24.04244111485095","7.848629985413642","0.37956370469535106","49.650000000000006"
"25","true","156","21.261707896442246","8.054224531696928","0.31463768707561446","49.650000000000006"
"26","true","156","21.814170295823413","7.914984563053419","0.2722523902653176","49.650000000000006"
"27","true","156","25.580402140494645","8.769803352110053","0.2598224592197704","49.650000000000006"
"28","true","156","23.895249505816192","9.328867248957962","0.29615408066248333","49.650000000000006"
"29","true","156","23.827552658471635","8.66339821733288","0.25380287671749785","49.650000000000006"
"30","true","156","21.334303217567644","8.214842080358746","0.37617051089566816","49.650000000000006"
"32","true","156","20.002938985120654","6.918214065237368","0.27939194243686594","49.650000000000006"
"31","true","156","23.05399872164429","7.543178962767342","0.25323939522389993","49.650000000000006"
"33","true","156","27.09329648111785","9.946733903899108","0.3701940429642815","49.650000000000006"
"34","true","156","22.90474856192514","7.626524023947588","0.24913694039379677","49.650000000000006"
"35","true","156","23.69853298352304","7.139043407784118","0.35289516693302087","49.650000000000006"
"36","true","156","25.503809586901728","7.511636897429775","0.2633566637198992","49.650000000000006"
"37","true","156","24.226055939299446","7.380884539750178","0.27432687178185566","49.650000000000006"
"38","true","156","19.859763518228018","6.808187225519805","0.272201028494043","49.650000000000006"
"39","true","156","22.165283660174925","7.214324175452646","0.26955589969387234","49.650000000000006"
"40","true","156","22.586006036091963","9.21826992334843","0.2835823677124387","49.650000000000006"
"41","true","156","20.231354993068674","9.509221234782965","0.3129340536794714","49.650000000000006"
"42","true","156","25.089323929349014","8.308987023448973","0.2500190807222431","49.650000000000006"
"44","true","156","18.997037356627324","8.531415754054326","0.26529260614095945","49.650000000000006"
"43","true","156","21.526904427407192","5.954444730702067","0.275497550746654","49.650000000000006"
"45","true","156","21.572593436203572","6.858031627844109","0.26372999429069016","49.650000000000006"
"46","true","156","21.749473620995047","8.526940341707782","0.32372676629007147","49.650000000000006"
"47","true","156","19.327735096989905","6.823022493953804","0.32315433005190264","49.650000000000006"
"48","true","156","19.596408796602745","6.809910215215208","0.2590285380628688","49.650000000000006"
"49","true","156","21.434696991048654","6.65234667684634","0.24907170529058179","49.650000000000006"
"50","true","156","21.124287616578847","8.233184563087967","0.2910119140166225","49.650000000000006"
"51","false","156","58.086300340718644","19.466041967623106","0.26365707925409126","49.650000000000006"
"52","false","156","42.872436954832544","15.488201363393792","0.3941510225663981","49.650000000000006"
"53","false","156","52.024610289002275","19.679241969128086","0.26030398349197353","49.650000000000006"
"54","false","156","45.69308417637076","19.685108330753025","0.29219128732414945","49.650000000000006"
"55","false","156","44.522664971761735","20.304222602435615","0.25405600911359627","49.650000000000006"
"56","false","156","59.83409011463331","20.11437977060657","0.2651201706429186","49.650000000000006"
"57","false","156","36.006532463282106","15.504918488035132","0.24941566298677145","49.650000000000006"
"58","false","156","56.14041820146028","19.3706677932792","0.2734592633364104","49.650000000000006"
"59","false","156","40.04285076180169","17.47634275023528","0.3001817593414249","49.650000000000006"
"60","false","156","42.16125159237341","17.88439197566813","0.25498599383192616","49.650000000000006"
"61","false","156","40.54679449876065","15.971036125766881","0.24966329020097508","49.650000000000006"
"63","false","156","52.83212836364506","21.658405198965276","0.3634994512003192","49.650000000000006"
"62","false","156","53.53672869535152","22.567309106758056","0.4389190051408772","49.650000000000006"
"64","false","156","58.02807794366975","23.072154186708037","0.345887017508026","49.650000000000006"
"65","false","156","51.243749163078434","20.80243250926227","0.2506575491811237","49.650000000000006"
"66","false","156","43.753843878214106","18.838772690504964","0.274245323914428","49.650000000000006"
"67","false","156","45.519127711398646","21.8348947978566","0.38469872738130273","49.650000000000006"
"68","false","156","45.3754162238374","19.037186935207323","0.3051434871372974","49.650000000000006"
"69","false","156","39.621427610868906","18.96132420331247","0.49738514669961337","49.650000000000006"
"70","false","156","50.26699446494324","18.86174103774464","0.3077518284511589","49.650000000000006"
"71","false","156","66.84777460809691","24.571039110207064","0.2625914374685879","49.650000000000006"
"72","false","156","51.34579961554753","19.733482159612215","0.25211535865736745","49.650000000000006"
"73","false","156","48.064126119938926","18.390596237095078","0.2631682142074341","49.650000000000006"
"74","false","156","56.13600971138124","20.415541743197117","0.3146785847077844","49.650000000000006"
"75","false","156","44.43434457576316","19.07508488042664","0.2652179979792414","49.650000000000006"
"77","false","156","55.724059557567415","21.209605968163082","0.26644822014142855","49.650000000000006"
"76","false","156","44.73762679161553","16.37316099508577","0.26409351213352084","49.650000000000006"
"79","false","156","57.89511006337121","23.67969031611592","0.27755408947465515","49.650000000000006"
"78","false","156","41.53926033736045","18.81690139565636","0.3827934974610586","49.650000000000006"
"80","false","156","52.93264705966768","21.43554544656936","0.325726805067011","49.650000000000006"
"81","false","156","72.73276534453261","26.214740963663772","0.2695645954786449","49.650000000000006"
"82","false","156","68.18102851127108","23.428969908008117","0.27955538309994926","49.650000000000006"
"83","false","156","53.349048716940146","20.26123944909983","0.2594157293548894","49.650000000000006"
"84","false","156","36.6965580205973","14.871107957416081","0.2734829675256889","49.650000000000006"
"85","false","156","65.85346821623182","21.235617544344876","0.3569062442273627","49.650000000000006"
"86","false","156","47.38363835012845","18.929817403524172","0.27529344047314486","49.650000000000006"
"87","false","156","45.95920103183236","15.566922468169478","0.2645010722365142","49.650000000000006"
"88","false","156","33.30385729055107","15.550740923075537","0.27385599638887775","49.650000000000006"
"89","false","156","45.54927852471078","21.064809720230496","0.271127685379582","49.650000000000006"
"90","false","156","35.832002293043594","14.341287587635355","0.3818997570597052","49.650000000000006"
"91","false","156","47.83892408924568","18.494691023806165","0.37788683574807036","49.650000000000006"
"93","false","156","54.5603290968361","20.500548512100426","0.38166742764507783","49.650000000000006"
"92","false","156","44.68876547075445","19.94491850775865","0.3809158662702827","49.650000000000006"
"94","false","156","44.767225048249394","20.62915018968757","0.28542794783311365","49.650000000000006"
"95","false","156","39.36226357278191","17.26133620279515","0.2863928870452971","49.650000000000006"
"96","false","156","50.79913689087508","19.873119626741147","0.3068576866451945","49.650000000000006"
"97","false","156","51.18375028036267","20.400240123822197","0.32357990444849116","49.650000000000006"
"98","false","156","52.708659654841505","20.52622797833743","0.37987899089819904","49.650000000000006"
"99","false","156","54.99551635968088","19.846936998453938","0.2539530832662959","49.650000000000006"
"100","false","156","45.28124055999751","15.98029888880192","0.25966912251787827","49.650000000000006"
"1","true","156","22.044352780109136","8.369551862290367","0.25338239058559353","49.650000000000006"
